Enlace,Anchor Text,CÃ³digo de Estado
https://www.hinoperu.com.pe,No tiene,200
http://www.lexusperu.com.pe/es.html,No tiene,301
https://www.kinto-mobility.com.pe,No tiene,200
https://www.tgrperu.com.pe/,No tiene,200
http://www.toyota-global.com,No tiene,301
https://e.toyotaperu.com.pe/inventory,No tiene,200
https://www.toyotaperu.com.pe/consulta,No tiene,200
https://www.toyotaperu.com.pe/calculadora-toyota-life,No tiene,200
https://www.toyotaperu.com.pe/concesionarios-toyota,No tiene,200
https://www.toyotaperu.com.pe/seminuevos,No tiene,200
https://www.toyotaperu.com.pe/toyota-a-gas/,No tiene,200
https://www.toyotaperu.com.pe/accesorios/,No tiene,200
https://www.toyotaperu.com.pe/programa-de-posventa/,No tiene,301
https://www.toyotaperu.com.pe/seguro-toyota/,No tiene,200
https://www.toyotaperu.com.pe/accesorios/,No tiene,200
https://www.toyotaperu.com.pe/repuestos-originales,No tiene,200
https://www.toyotaperu.com.pe/historia#historia,No tiene,200
https://www.toyotaperu.com.pe/historia#mision,No tiene,200
https://www.toyotaperu.com.pe/historia#vision,No tiene,200
https://www.toyotaperu.com.pe/historia#filosofia,No tiene,200
https://www.toyotaperu.com.pe/historia#valores,No tiene,200
https://www.tgrperu.com.pe/,No tiene,200
https://www.toyotaperu.com.pe/seguridad,No tiene,200
https://www.toyotaperu.com.pe/toyotahibridos/,No tiene,200
https://www.toyotaperu.com.pe/start-your-impossible/,No tiene,200
https://www.toyotaperu.com.pe/todo-lo-que-te-mueve,No tiene,200
https://www.toyotaperu.com.pe/preguntas-frecuentes,No tiene,200
https://www.toyotaperu.com.pe/takata/,No tiene,405
https://www.toyotaperu.com.pe/llamado-revision/,No tiene,200
https://www.toyotaperu.com.pe/contacto/consultas,No tiene,405
https://www.toyotaperu.com.pe/contacto/reclamos,No tiene,405
https://www.toyotaperu.com.pe/listado-modelos-toyota/camioneta-toyota-avanza,No tiene,200
https://www.toyotaperu.com.pe/listado-modelos-toyota/camioneta-4runner,No tiene,200
https://www.toyotaperu.com.pe/listado-modelos-toyota/auto-agya,No tiene,200
https://www.toyotaperu.com.pe/listado-modelos-toyota/auto-corolla,No tiene,200
https://www.toyotaperu.com.pe/listado-modelos-toyota/camioneta-corolla-cross,No tiene,200
https://www.toyotaperu.com.pe/listado-modelos-toyota/carro-etios,No tiene,200
https://www.toyotaperu.com.pe/listado-modelos-toyota/camioneta-fortuner,No tiene,200
https://www.toyotaperu.com.pe/listado-modelos-toyota/van-hiace,No tiene,200
https://www.toyotaperu.com.pe/listado-modelos-toyota/camioneta-hilux,No tiene,200
https://www.toyotaperu.com.pe/listado-modelos-toyota/camioneta-land-cruiser-prado,No tiene,200
https://www.toyotaperu.com.pe/listado-modelos-toyota/camioneta-raize,No tiene,200
https://www.toyotaperu.com.pe/listado-modelos-toyota/camioneta-rav4,No tiene,200
https://www.toyotaperu.com.pe/listado-modelos-toyota/camioneta-rush,No tiene,200
https://www.toyotaperu.com.pe/listado-modelos-toyota/carro-yaris-sedan,No tiene,200
https://www.toyotaperu.com.pe/listado-modelos-toyota/camioneta-yaris-cross,No tiene,200
https://www.toyotaperu.com.pe/listado-modelos-toyota/carro-yaris-hatchback,No tiene,200
https://e.toyotaperu.com.pe/inventory,No tiene,200
https://e.toyotaperu.com.pe/inventory,No tiene,200
https://www.kinto-mobility.com.pe/,No tiene,200
https://citas.toyotaperu.com.pe/,No tiene,200
https://www.toyotaperu.com.pe/seminuevos,No tiene,200
https://www.toyotaperu.com.pe/takata/,No tiene,405
https://www.toyotaperu.com.pe/noticias/anuncio-importante/,No tiene,200
https://www.toyotaperu.com.pe/noticias/anuncio-importante/,No tiene,200
https://www.toyotaperu.com.pe/listado-modelos-toyota/camioneta-toyota-avanza,No tiene,200
https://www.toyotaperu.com.pe/listado-modelos-toyota/camioneta-toyota-avanza,No tiene,200
https://www.toyotaperu.com.pe/listado-modelos-toyota/camioneta-4runner,No tiene,200
https://www.toyotaperu.com.pe/listado-modelos-toyota/camioneta-4runner,No tiene,200
https://www.toyotaperu.com.pe/listado-modelos-toyota/auto-agya,No tiene,200
https://www.toyotaperu.com.pe/listado-modelos-toyota/auto-agya,No tiene,200
https://www.toyotaperu.com.pe/listado-modelos-toyota/auto-corolla,No tiene,200
https://www.toyotaperu.com.pe/listado-modelos-toyota/auto-corolla,No tiene,200
https://www.toyotaperu.com.pe/listado-modelos-toyota/camioneta-corolla-cross,No tiene,200
https://www.toyotaperu.com.pe/listado-modelos-toyota/camioneta-corolla-cross,No tiene,200
https://www.toyotaperu.com.pe/listado-modelos-toyota/carro-etios,No tiene,200
https://www.toyotaperu.com.pe/listado-modelos-toyota/carro-etios,No tiene,200
https://www.toyotaperu.com.pe/listado-modelos-toyota/camioneta-fortuner,No tiene,200
https://www.toyotaperu.com.pe/listado-modelos-toyota/camioneta-fortuner,No tiene,200
https://www.toyotaperu.com.pe/listado-modelos-toyota/van-hiace,No tiene,200
https://www.toyotaperu.com.pe/listado-modelos-toyota/van-hiace,No tiene,200
https://www.toyotaperu.com.pe/listado-modelos-toyota/camioneta-hilux,No tiene,200
https://www.toyotaperu.com.pe/listado-modelos-toyota/camioneta-hilux,No tiene,200
https://www.toyotaperu.com.pe/listado-modelos-toyota/camioneta-land-cruiser-prado,No tiene,200
https://www.toyotaperu.com.pe/listado-modelos-toyota/camioneta-land-cruiser-prado,No tiene,200
https://www.toyotaperu.com.pe/listado-modelos-toyota/camioneta-raize,No tiene,200
https://www.toyotaperu.com.pe/listado-modelos-toyota/camioneta-raize,No tiene,200
https://www.toyotaperu.com.pe/listado-modelos-toyota/camioneta-rav4,No tiene,200
https://www.toyotaperu.com.pe/listado-modelos-toyota/camioneta-rav4,No tiene,200
https://www.toyotaperu.com.pe/listado-modelos-toyota/camioneta-rush,No tiene,200
https://www.toyotaperu.com.pe/listado-modelos-toyota/camioneta-rush,No tiene,200
https://www.toyotaperu.com.pe/listado-modelos-toyota/carro-yaris-sedan,No tiene,200
https://www.toyotaperu.com.pe/listado-modelos-toyota/carro-yaris-sedan,No tiene,200
https://www.toyotaperu.com.pe/listado-modelos-toyota/camioneta-yaris-cross,No tiene,200
https://www.toyotaperu.com.pe/listado-modelos-toyota/camioneta-yaris-cross,No tiene,200
https://www.toyotaperu.com.pe/listado-modelos-toyota/carro-yaris-hatchback,No tiene,200
https://www.toyotaperu.com.pe/listado-modelos-toyota/carro-yaris-hatchback,No tiene,200
https://www.toyotaperu.com.pe/takata/,No tiene,405
https://citas.toyotaperu.com.pe/,No tiene,200
https://www.toyotaperu.com.pe/seguridad/,No tiene,200
https://e.toyotaperu.com.pe/inventory,No tiene,200
https://www.toyotaperu.com.pe/seminuevos,No tiene,200
https://www.tgrperu.com.pe/,No tiene,200
https://www.toyotaperu.com.pe/seguro-toyota/,No tiene,200
https://www.toyotaperu.com.pe/concursodreamcar/,No tiene,200
https://www.toyotaperu.com.pe/noticias/podio-completo-en-japon-para-el-equipo-toyota-gazoo-racing,No tiene,200
https://www.toyotaperu.com.pe/noticias/buemi-hirakawa-y-hartley-se-consagran-como-campeones-de-conductores-en-el-campeonato,No tiene,200
https://www.toyotaperu.com.pe/noticias/un-caminos-del-inca-retador-que-dejo-muchos-aprendizajes-para-nuestro-piloto-lucho-alayza,No tiene,200
https://www.toyotaperu.com.pe/noticias/lucho-mendoza-jr-se-llevo-la-cima-del-podio-en-la-4ta-fecha-del-campeonato-nacional-de,No tiene,200
https://www.toyotaperu.com.pe/noticias/el-equipo-toyota-gazoo-racing-se-lleva-el-campeonato-de-constructores-en-chile,No tiene,200
https://www.toyotaperu.com.pe/noticias/lucho-mendoza-jr-se-llevo-la-cima-del-podio-en-la-tercera-fecha-del-campeonato-nacional-de,No tiene,200
https://www.toyotaperu.com.pe/noticias/el-abc-de-los-sistemas-de-seguridad-toyota-que-significa-hac,No tiene,200
https://www.toyotaperu.com.pe/noticias/lucho-alayza-se-lleva-el-rally-pisco-y-completa-un-campeonato-perfecto,No tiene,200
https://www.toyotaperu.com.pe/noticias/lucho-alayza-busca-cerrar-con-puntaje-perfecto-el-campeonato-en-pisco,No tiene,200
https://www.toyotaperu.com.pe/noticias/elfyn-evans-toma-la-cima-del-podio-en-finlandia-para-el-equipo-toyota-gazoo-racing,No tiene,200
https://e.toyotaperu.com.pe/inventory,No tiene,200
https://www.toyotaperu.com.pe/consulta,No tiene,200
https://www.toyotaperu.com.pe/calculadora-toyota-life,No tiene,200
https://www.toyotaperu.com.pe/concesionarios-toyota,No tiene,200
https://www.hinoperu.com.pe,No tiene,200
http://www.lexusperu.com.pe/es.html,No tiene,301
https://www.kinto-mobility.com.pe,No tiene,200
https://www.tgrperu.com.pe/,No tiene,200
http://www.toyota-global.com,No tiene,301
https://www.toyotaperu.com.pe/listado-modelos-toyota,No tiene,200
https://www.toyotaperu.com.pe/cotizador,No tiene,301
https://www.toyotaperu.com.pe/escoge-tu-toyota/,No tiene,200
https://www.toyotaperu.com.pe/calculadora-toyota-life/,No tiene,200
https://www.toyotaperu.com.pe/toyota-a-gas/,No tiene,200
https://www.toyotaperu.com.pe/ofertas-y-promociones,No tiene,200
https://www.toyotaperu.com.pe/prueba-de-manejo,No tiene,200
https://www.toyotaperu.com.pe/por-que-elegir-un-toyota,No tiene,200
https://www.toyotaperu.com.pe/programa-de-posventa,No tiene,301
https://www.toyotaperu.com.pe/seguro-toyota/,No tiene,200
https://www.toyotaperu.com.pe/accesorios/,No tiene,200
https://www.toyotaperu.com.pe/repuestos-originales,No tiene,200
https://www.toyotaperu.com.pe/condiciones-vigencia-garantia,No tiene,200
https://www.toyotaperu.com.pe/historia#historia,No tiene,200
https://www.toyotaperu.com.pe/historia#mision,No tiene,200
https://www.toyotaperu.com.pe/historia#vision,No tiene,200
https://www.toyotaperu.com.pe/historia#filosofia,No tiene,200
https://www.toyotaperu.com.pe/historia#valores,No tiene,200
https://www.tgrperu.com.pe/,No tiene,200
https://www.toyotaperu.com.pe/seguridad/,No tiene,200
https://www.toyotaperu.com.pe/toyotahibridos,No tiene,301
https://www.toyotaperu.com.pe/start-your-impossible/,No tiene,200
https://www.toyotaperu.com.pe/todo-lo-que-te-mueve,No tiene,200
https://www.toyotaperu.com.pe/concesionarios-toyota/,No tiene,200
https://www.toyotaperu.com.pe/preguntas-frecuentes,No tiene,200
https://www.toyotaperu.com.pe/takata/,No tiene,405
https://www.toyotaperu.com.pe/llamado-revision,No tiene,301
https://www.toyotaperu.com.pe/contacto/consultas,No tiene,405
https://www.toyotaperu.com.pe/contacto/reclamos,No tiene,405
https://www.toyotaperu.com.pe/comunicados-regulaciones,No tiene,200
https://www.toyotaperu.com.pe/cotizador/,No tiene,301
https://www.youtube.com/toyotaperu,No tiene,200
https://twitter.com/Toyota_Peru,No tiene,403
https://www.facebook.com/ToyotaPeru,No tiene,200
https://www.instagram.com/toyotaperu,No tiene,301
https://www.toyotaperu.com.pe/sites/default/files/textos-legales-noviembre.pdf,No tiene,200
